year,district,crop,yield_t_ha,sown_area_ha,gross_output_t
1998,Аккольский,Зерновые и бобовые,0.36,113700.0,40932.0
1999,Аккольский,Зерновые и бобовые,1.49,84500.0,125905.0
2000,Аккольский,Зерновые и бобовые,0.95,95000.0,90250.0
2001,Аккольский,Зерновые и бобовые,1.19,100000.0,119000.0
2002,Аккольский,Зерновые и бобовые,0.86,133000.0,114380.0
2003,Аккольский,Зерновые и бобовые,0.78,133000.0,103740.0
2004,Аккольский,Зерновые и бобовые,0.47000000000000003,133400.0,62698.00000000001
2005,Аккольский,Зерновые и бобовые,0.71,138000.0,97980.0
2006,Аккольский,Зерновые и бобовые,0.9400000000000001,114508.0,107637.52
2007,Аккольский,Зерновые и бобовые,0.9199999999999999,123630.0,113739.59999999999
2008,Аккольский,Зерновые и бобовые,0.4,143008.0,57203.200000000004
2009,Аккольский,Зерновые и бобовые,1.27,146037.0,185466.99
2010,Аккольский,Зерновые и бобовые,0.5599999999999999,134197.0,75150.31999999999
2011,Аккольский,Зерновые и бобовые,1.28,124336.0,159150.08000000002
2012,Аккольский,Зерновые и бобовые,0.5900000000000001,133309.0,78652.31000000001
2013,Аккольский,Зерновые и бобовые,0.9400000000000001,128355.68,120654.3392
2014,Аккольский,Зерновые и бобовые,0.82,123428.51,101211.37819999999
2015,Аккольский,Зерновые и бобовые,1.02958,107764.0,110951.65912
2016,Аккольский,Зерновые и бобовые,1.08842,122333.0,133149.68386
2017,Аккольский,Зерновые и бобовые,0.93666,125840.6,117869.85639600002
2018,Аккольский,Зерновые и бобовые,1.05,127839.0,134230.95
2019,Аккольский,Зерновые и бобовые,0.96,137887.7,132372.192
2020,Аккольский,Зерновые и бобовые,1.2,138412.0,166094.4
2021,Аккольский,Зерновые и бобовые,0.8918200000000001,139092.1,124045.11662200002
2022,Аккольский,Зерновые и бобовые,1.06328,169757.1,180499.329288
2023,Аккольский,Зерновые и бобовые,0.51,165470.5,84389.955
2024,Аккольский,Зерновые и бобовые,1.45,157445.9,228296.555
2025,Аккольский,Зерновые и бобовые,1.56,155440.3,242486.868
1997,Аккольский,Пшеница,0.45999999999999996,132000.0,60719.99999999999
1998,Аккольский,Пшеница,0.36,106000.0,38160.0
1999,Аккольский,Пшеница,1.47,78.5,115.395
2000,Аккольский,Пшеница,0.89,86.9,77.34100000000001
2001,Аккольский,Пшеница,1.17,86.8,101.556
2002,Аккольский,Пшеница,0.8300000000000001,116.5,96.69500000000001
2003,Аккольский,Пшеница,0.8,116.7,93.36000000000001
2004,Аккольский,Пшеница,0.49000000000000005,112000.0,54880.00000000001
2005,Аккольский,Пшеница,0.7,112538.0,78776.59999999999
2006,Аккольский,Пшеница,0.95,100339.0,95322.04999999999
2007,Аккольский,Пшеница,0.9,105929.0,95336.1
2008,Аккольский,Пшеница,0.4,123463.0,49385.200000000004
2009,Аккольский,Пшеница,1.27,125296.0,159125.92
2010,Аккольский,Пшеница,0.58,124065.0,71957.7
2011,Аккольский,Пшеница,1.26,108207.0,136340.82
2012,Аккольский,Пшеница,0.58,114876.0,66628.08
2013,Аккольский,Пшеница,0.8800000000000001,105960.7,93245.41600000001
2014,Аккольский,Пшеница,0.8300000000000001,101106.35,83918.27050000001
2015,Аккольский,Пшеница,1.05,89914.0,94409.7
2016,Аккольский,Пшеница,1.03,103395.0,106496.85
2017,Аккольский,Пшеница,0.93,106210.0,98775.3
2018,Аккольский,Пшеница,1.04,104623.5,108808.44
2019,Аккольский,Пшеница,0.9800000000000001,109014.7,106834.406
2020,Аккольский,Пшеница,1.2,106861.0,128233.2
2021,Аккольский,Пшеница,0.91727,117665.0,107930.57455
2022,Аккольский,Пшеница,1.08013,138977.2,150113.443036
2023,Аккольский,Пшеница,0.53,144359.5,76510.535
2024,Аккольский,Пшеница,1.4300000000000002,135000.4,193050.57200000001
2025,Аккольский,Пшеница,1.55,133984.13,207675.4015
1991,Аршалынский,Зерновые и бобовые,0.71,208000.0,147680.0
1992,Аршалынский,Зерновые и бобовые,1.8699999999999999,204000.0,381480.0
1993,Аршалынский,Зерновые и бобовые,1.22,198700.0,242414.0
1994,Аршалынский,Зерновые и бобовые,0.6799999999999999,180700.0,122875.99999999999
1995,Аршалынский,Зерновые и бобовые,0.82,172500.0,141450.0
1996,Аршалынский,Зерновые и бобовые,1.1199999999999999,175200.0,196223.99999999997
1997,Аршалынский,Зерновые и бобовые,0.65,167400.0,108810.0
1998,Аршалынский,Зерновые и бобовые,0.45999999999999996,146800.0,67528.0
1999,Аршалынский,Зерновые и бобовые,1.1400000000000001,139584.0,159125.76
2000,Аршалынский,Зерновые и бобовые,0.8300000000000001,165055.0,136995.65000000002
2001,Аршалынский,Зерновые и бобовые,0.99,180000.0,178200.0
2002,Аршалынский,Зерновые и бобовые,0.8800000000000001,180500.0,158840.00000000003
2003,Аршалынский,Зерновые и бобовые,0.63,162000.0,102060.0
2004,Аршалынский,Зерновые и бобовые,0.79,145829.0,115204.91
2005,Аршалынский,Зерновые и бобовые,0.64,150114.0,96072.96
2006,Аршалынский,Зерновые и бобовые,0.9199999999999999,140432.0,129197.43999999999
2007,Аршалынский,Зерновые и бобовые,1.28,146749.0,187838.72
2008,Аршалынский,Зерновые и бобовые,0.8099999999999999,162859.0,131915.78999999998
2009,Аршалынский,Зерновые и бобовые,1.1800000000000002,180917.0,213482.06000000003
2010,Аршалынский,Зерновые и бобовые,0.82,179400.0,147108.0
2011,Аршалынский,Зерновые и бобовые,1.26,158489.0,199696.14
2012,Аршалынский,Зерновые и бобовые,0.74,162036.0,119906.64
2013,Аршалынский,Зерновые и бобовые,1.19,165676.82,197155.4158
2014,Аршалынский,Зерновые и бобовые,1.1099999999999999,164071.21,182119.04309999998
2015,Аршалынский,Зерновые и бобовые,1.06752,165708.0,176896.60416000002
2016,Аршалынский,Зерновые и бобовые,0.9797399999999999,173125.0,169617.4875
2017,Аршалынский,Зерновые и бобовые,0.77818,173554.2,135056.407356
2018,Аршалынский,Зерновые и бобовые,1.09,171117.9,186518.511
2019,Аршалынский,Зерновые и бобовые,0.73,175421.0,128057.33
2020,Аршалынский,Зерновые и бобовые,1.31,176677.0,231446.87
2021,Аршалынский,Зерновые и бобовые,0.91585,191114.2,175031.94007
2022,Аршалынский,Зерновые и бобовые,0.8927400000000001,194289.5,173450.00823
2023,Аршалынский,Зерновые и бобовые,0.54,209119.3,112924.422
2024,Аршалынский,Зерновые и бобовые,1.3199999999999998,204994.2,270592.344
2025,Аршалынский,Зерновые и бобовые,1.33,199646.25,265529.5125
1991,Аршалынский,Пшеница,0.8300000000000001,127700.0,105991.00000000001
1992,Аршалынский,Пшеница,1.72,132200.0,227384.0
1993,Аршалынский,Пшеница,1.1199999999999999,110800.0,124095.99999999999
1994,Аршалынский,Пшеница,0.65,119200.0,77480.0
1995,Аршалынский,Пшеница,0.79,132300.0,104517.0
1996,Аршалынский,Пшеница,0.97,142300.0,138031.0
1997,Аршалынский,Пшеница,0.65,126100.0,81965.0
1998,Аршалынский,Пшеница,0.48,121600.0,58368.0
1999,Аршалынский,Пшеница,1.1,120.8,132.88
2000,Аршалынский,Пшеница,0.8099999999999999,134.4,108.86399999999999
2001,Аршалынский,Пшеница,0.9400000000000001,250.0,235.00000000000003
2002,Аршалынский,Пшеница,0.85,150.8,128.18
2003,Аршалынский,Пшеница,0.6599999999999999,111.2,73.392
2004,Аршалынский,Пшеница,0.8400000000000001,117452.0,98659.68000000001
2005,Аршалынский,Пшеница,0.63,130480.0,82202.4
2006,Аршалынский,Пшеница,0.9099999999999999,118529.0,107861.38999999998
2007,Аршалынский,Пшеница,1.2,125061.0,150073.19999999998
2008,Аршалынский,Пшеница,0.77,138203.0,106416.31
2009,Аршалынский,Пшеница,1.1300000000000001,151732.0,171457.16
2010,Аршалынский,Пшеница,0.79,151700.0,119843.0
2011,Аршалынский,Пшеница,1.26,132733.0,167243.58
2012,Аршалынский,Пшеница,0.74,135100.0,99974.0
2013,Аршалынский,Пшеница,1.1300000000000001,138177.0,156140.01
2014,Аршалынский,Пшеница,1.09,136408.2,148684.93800000002
2015,Аршалынский,Пшеница,1.08,139434.0,150588.72
2016,Аршалынский,Пшеница,0.93,147246.0,136938.78
2017,Аршалынский,Пшеница,0.77,144410.2,111195.854
2018,Аршалынский,Пшеница,1.06,142811.9,151380.614
2019,Аршалынский,Пшеница,0.74,129658.0,95946.92
2020,Аршалынский,Пшеница,1.3,135487.0,176133.1
2021,Аршалынский,Пшеница,0.9293100000000001,156580.0,145511.3598
2022,Аршалынский,Пшеница,0.91049,161501.5,147045.500735
2023,Аршалынский,Пшеница,0.54,176389.3,95250.222
2024,Аршалынский,Пшеница,1.31,167869.6,219909.176
2025,Аршалынский,Пшеница,1.34,168623.25,225955.15500000003
1991,Астраханский,Зерновые и бобовые,0.63,317900.0,200277.0
1992,Астраханский,Зерновые и бобовые,1.61,318800.0,513268.00000000006
1993,Астраханский,Зерновые и бобовые,1.0,306500.0,306500.0
1994,Астраханский,Зерновые и бобовые,0.5599999999999999,273800.0,153327.99999999997
1995,Астраханский,Зерновые и бобовые,0.55,251200.0,138160.0
1996,Астраханский,Зерновые и бобовые,0.65,225500.0,146575.0
1997,Астраханский,Зерновые и бобовые,0.51,237700.0,121227.0
1998,Астраханский,Зерновые и бобовые,0.36,210000.0,75600.0
1999,Астраханский,Зерновые и бобовые,1.3699999999999999,200100.0,274137.0
2000,Астраханский,Зерновые и бобовые,0.77,250140.0,192607.80000000002
2001,Астраханский,Зерновые и бобовые,1.0699999999999998,275000.0,294249.99999999994
2002,Астраханский,Зерновые и бобовые,0.85,310000.0,263500.0
2003,Астраханский,Зерновые и бобовые,0.8400000000000001,313400.0,263256.0
2004,Астраханский,Зерновые и бобовые,0.7,276000.0,193200.0
2005,Астраханский,Зерновые и бобовые,0.8300000000000001,277096.0,229989.68000000002
2006,Астраханский,Зерновые и бобовые,0.64,296117.0,189514.88
2007,Астраханский,Зерновые и бобовые,0.82,313057.0,256706.74
2008,Астраханский,Зерновые и бобовые,0.5900000000000001,326494.0,192631.46000000002
2009,Астраханский,Зерновые и бобовые,0.95,346579.0,329250.05
2010,Астраханский,Зерновые и бобовые,0.38,329348.0,125152.24
2011,Астраханский,Зерновые и бобовые,1.27,321747.1,408618.817
2012,Астраханский,Зерновые и бобовые,0.64,321345.0,205660.80000000002
2013,Астраханский,Зерновые и бобовые,0.99,331670.27,328353.5673
2014,Астраханский,Зерновые и бобовые,1.1099999999999999,316669.52,351503.16719999997
2015,Астраханский,Зерновые и бобовые,1.06319,322449.0,342824.55231
2016,Астраханский,Зерновые и бобовые,1.18256,328246.4,388171.06278400007
2017,Астраханский,Зерновые и бобовые,1.05431,326403.2,344130.15779200004
2018,Астраханский,Зерновые и бобовые,1.22,341800.2,416996.244
2019,Астраханский,Зерновые и бобовые,0.9,357584.3,321825.87
2020,Астраханский,Зерновые и бобовые,1.17,363875.3,425734.10099999997
2021,Астраханский,Зерновые и бобовые,1.02456,360672.66,369530.7805295999
2022,Астраханский,Зерновые и бобовые,0.9786400000000001,350401.9,342917.315416
2023,Астраханский,Зерновые и бобовые,0.6599999999999999,377805.4,249351.56399999998
2024,Астраханский,Зерновые и бобовые,1.29,355475.47,458563.3563
2025,Астраханский,Зерновые и бобовые,1.47,368543.5,541758.945
1991,Астраханский,Пшеница,0.79,252500.0,199475.0
1992,Астраханский,Пшеница,1.7600000000000002,261200.0,459712.00000000006
1993,Астраханский,Пшеница,0.9400000000000001,238900.0,224566.0
1994,Астраханский,Пшеница,0.52,219000.0,113880.0
1995,Астраханский,Пшеница,0.5599999999999999,200800.0,112447.99999999999
1996,Астраханский,Пшеница,0.62,190200.0,117924.0
1997,Астраханский,Пшеница,0.54,209100.0,112914.00000000001
1998,Астраханский,Пшеница,0.36,175800.0,63288.0
1999,Астраханский,Пшеница,1.34,175.4,235.03600000000003
2000,Астраханский,Пшеница,0.74,224.9,166.42600000000002
2001,Астраханский,Пшеница,1.04,291.2,302.848
2002,Астраханский,Пшеница,0.8300000000000001,283.2,235.056
2003,Астраханский,Пшеница,0.8099999999999999,285.0,230.85
2004,Астраханский,Пшеница,0.7,244300.0,171010.0
2005,Астраханский,Пшеница,0.82,255733.0,209701.06
2006,Астраханский,Пшеница,0.64,266384.0,170485.76
2007,Астраханский,Пшеница,0.8300000000000001,286053.0,237423.99000000002
2008,Астраханский,Пшеница,0.5900000000000001,301260.0,177743.40000000002
2009,Астраханский,Пшеница,0.95,318310.0,302394.5
2010,Астраханский,Пшеница,0.39,310685.0,121167.15000000001
2011,Астраханский,Пшеница,1.26,301916.0,380414.16
2012,Астраханский,Пшеница,0.64,289590.0,185337.6
2013,Астраханский,Пшеница,0.9800000000000001,294376.2,288488.67600000004
2014,Астраханский,Пшеница,1.1199999999999999,289373.13,324097.9056
2015,Астраханский,Пшеница,1.06,290433.0,307858.98000000004
2016,Астраханский,Пшеница,1.17,305663.4,357626.178
2017,Астраханский,Пшеница,1.06,301187.2,319258.43200000003
2018,Астраханский,Пшеница,1.19,302329.2,359771.748
2019,Астраханский,Пшеница,0.89,313846.3,279323.207
2020,Астраханский,Пшеница,1.15,332118.3,381936.045
2021,Астраханский,Пшеница,1.03108,328836.55,339056.789974
2022,Астраханский,Пшеница,0.97963,319269.4,312765.88232200005
2023,Астраханский,Пшеница,0.67,343727.9,230297.69300000003
2024,Астраханский,Пшеница,1.3,322018.57,418624.141
2025,Астраханский,Пшеница,1.45,330955.5,479885.475
1991,Атбасарский,Зерновые и бобовые,0.61,356500.0,217465.0
1992,Атбасарский,Зерновые и бобовые,1.6199999999999999,363000.0,588060.0
1993,Атбасарский,Зерновые и бобовые,1.1,363800.0,400180.00000000006
1994,Атбасарский,Зерновые и бобовые,0.8,324900.0,259920.0
1995,Атбасарский,Зерновые и бобовые,0.6900000000000001,316800.0,218592.00000000003
1996,Атбасарский,Зерновые и бобовые,0.61,317100.0,193431.0
1997,Атбасарский,Зерновые и бобовые,0.5,301900.0,150950.0
1998,Атбасарский,Зерновые и бобовые,0.27,275500.0,74385.0
1999,Атбасарский,Зерновые и бобовые,1.34,223434.0,299401.56
2000,Атбасарский,Зерновые и бобовые,0.65,287100.0,186615.0
2001,Атбасарский,Зерновые и бобовые,1.08,322508.0,348308.64
2002,Атбасарский,Зерновые и бобовые,0.8699999999999999,352470.0,306648.89999999997
2003,Атбасарский,Зерновые и бобовые,1.02,311371.0,317598.42
2004,Атбасарский,Зерновые и бобовые,0.5700000000000001,327466.0,186655.62000000002
2005,Атбасарский,Зерновые и бобовые,0.86,322786.0,277595.96
2006,Атбасарский,Зерновые и бобовые,0.8800000000000001,320664.6,282184.848
2007,Атбасарский,Зерновые и бобовые,1.06,347106.0,367932.36000000004
2008,Атбасарский,Зерновые и бобовые,0.79,365767.0,288955.93
2009,Атбасарский,Зерновые и бобовые,1.25,423283.0,529103.75
2010,Атбасарский,Зерновые и бобовые,0.51,426494.0,217511.94
2011,Атбасарский,Зерновые и бобовые,1.53,416823.0,637739.1900000001
2012,Атбасарский,Зерновые и бобовые,0.5700000000000001,416478.0,237392.46000000002
2013,Атбасарский,Зерновые и бобовые,1.0,406793.2,406793.2
2014,Атбасарский,Зерновые и бобовые,1.1099999999999999,401156.39,445283.5929
2015,Атбасарский,Зерновые и бобовые,0.99175,382538.0,379382.0615
2016,Атбасарский,Зерновые и бобовые,1.15499,395504.54,456803.7886546
2017,Атбасарский,Зерновые и бобовые,1.1861700000000002,398795.51,473039.27009670006
2018,Атбасарский,Зерновые и бобовые,1.1199999999999999,394143.6,441440.83199999994
2019,Атбасарский,Зерновые и бобовые,0.97,395123.5,383269.795
2020,Атбасарский,Зерновые и бобовые,1.1199999999999999,387609.0,434122.07999999996
2021,Атбасарский,Зерновые и бобовые,0.8469300000000001,390994.8,331145.22596400004
2022,Атбасарский,Зерновые и бобовые,1.22673,394283.7,483679.64330100006
2023,Атбасарский,Зерновые и бобовые,0.8699999999999999,417089.9,362868.213
2024,Атбасарский,Зерновые и бобовые,1.28,421235.1,539180.928
2025,Атбасарский,Зерновые и бобовые,1.58,408080.6,644767.348
1991,Атбасарский,Пшеница,0.74,270400.0,200096.0
1992,Атбасарский,Пшеница,1.6,279100.0,446560.0
1993,Атбасарский,Пшеница,1.04,273100.0,284024.0
1994,Атбасарский,Пшеница,0.7,251700.0,176190.0
1995,Атбасарский,Пшеница,0.64,259800.0,166272.0
1996,Атбасарский,Пшеница,0.58,262100.00000000003,152018.0
1997,Атбасарский,Пшеница,0.49000000000000005,250000.0,122500.00000000001
1998,Атбасарский,Пшеница,0.27,239000.0,64530.00000000001
1999,Атбасарский,Пшеница,1.31,193.8,253.87800000000001
2000,Атбасарский,Пшеница,0.64,257.5,164.8
2001,Атбасарский,Пшеница,1.0699999999999998,138.6,148.30199999999996
2002,Атбасарский,Пшеница,0.86,322.7,277.522
2003,Атбасарский,Пшеница,1.01,290.3,293.20300000000003
2004,Атбасарский,Пшеница,0.58,302055.0,175191.9
2005,Атбасарский,Пшеница,0.8400000000000001,303147.0,254643.48
2006,Атбасарский,Пшеница,0.85,294898.6,250663.80999999997
2007,Атбасарский,Пшеница,1.04,319939.0,332736.56
2008,Атбасарский,Пшеница,0.79,332247.0,262475.13
2009,Атбасарский,Пшеница,1.22,390900.0,476898.0
2010,Атбасарский,Пшеница,0.51,407775.0,207965.25
2011,Атбасарский,Пшеница,1.5,394390.0,591585.0
2012,Атбасарский,Пшеница,0.58,386307.0,224058.06
2013,Атбасарский,Пшеница,0.9400000000000001,371880.7,349567.858
2014,Атбасарский,Пшеница,1.08,358491.33,387170.6364
2015,Атбасарский,Пшеница,0.9800000000000001,340746.0,333931.08
2016,Атбасарский,Пшеница,1.08,360073.5,388879.38
2017,Атбасарский,Пшеница,1.15,352314.5,405161.675
2018,Атбасарский,Пшеница,1.09,332695.3,362637.87700000004
2019,Атбасарский,Пшеница,0.96,332532.5,319231.2
2020,Атбасарский,Пшеница,1.06,309769.0,328355.14
2021,Атбасарский,Пшеница,0.8611700000000001,325374.4,280202.67204800004
2022,Атбасарский,Пшеница,1.2268000000000001,330484.7,405438.62996000005
2023,Атбасарский,Пшеница,0.8699999999999999,347139.9,302011.713
2024,Атбасарский,Пшеница,1.16,336854.4,390751.104
2025,Атбасарский,Пшеница,1.58,313601.7,495490.68600000005
1998,Биржан сал,Зерновые и бобовые,0.19,63600.0,12084.0
1999,Биржан сал,Зерновые и бобовые,1.3199999999999998,63800.0,84215.99999999999
2000,Биржан сал,Зерновые и бобовые,1.17,88500.0,103545.0
2001,Биржан сал,Зерновые и бобовые,1.4,100851.0,141191.4
2002,Биржан сал,Зерновые и бобовые,1.34,117000.0,156780.0
2003,Биржан сал,Зерновые и бобовые,0.8800000000000001,117000.0,102960.00000000001
2004,Биржан сал,Зерновые и бобовые,0.6599999999999999,119554.0,78905.63999999998
2005,Биржан сал,Зерновые и бобовые,1.08,119727.0,129305.16
2006,Биржан сал,Зерновые и бобовые,1.31,124550.0,163160.5
2007,Биржан сал,Зерновые и бобовые,1.53,133775.0,204675.75
2008,Биржан сал,Зерновые и бобовые,0.41,170034.0,69713.94
2009,Биржан сал,Зерновые и бобовые,1.5699999999999998,176719.0,277448.82999999996
2010,Биржан сал,Зерновые и бобовые,0.6,178315.9,106989.54
2011,Биржан сал,Зерновые и бобовые,1.5699999999999998,177283.0,278334.31
2012,Биржан сал,Зерновые и бобовые,0.55,169207.0,93063.85
2013,Биржан сал,Зерновые и бобовые,1.05,124948.7,131196.135
2014,Биржан сал,Зерновые и бобовые,1.19,106985.71,127312.9949
2015,Биржан сал,Зерновые и бобовые,1.11996,139289.0,155998.10844
2016,Биржан сал,Зерновые и бобовые,1.05605,127921.0,135090.97204999998
2017,Биржан сал,Зерновые и бобовые,0.8703099999999999,113859.0,99092.62628999999
2018,Биржан сал,Зерновые и бобовые,1.29,120252.5,155125.725
2019,Биржан сал,Зерновые и бобовые,1.0,122084.5,122084.5
2020,Биржан сал,Зерновые и бобовые,1.28,134848.7,172606.336
2021,Биржан сал,Зерновые и бобовые,0.7053499999999999,163555.0,115363.51924999998
2022,Биржан сал,Зерновые и бобовые,0.74119,157131.8,116464.51884199999
2023,Биржан сал,Зерновые и бобовые,0.5700000000000001,151245.1,86209.70700000001
2024,Биржан сал,Зерновые и бобовые,1.7399999999999998,136164.2,236925.70799999998
2025,Биржан сал,Зерновые и бобовые,1.75,150608.2,263564.35000000003
1998,Биржан сал,Пшеница,0.16999999999999998,58000.0,9860.0
1999,Биржан сал,Пшеница,1.33,61.3,81.529
2000,Биржан сал,Пшеница,1.16,81.6,94.65599999999999
2001,Биржан сал,Пшеница,1.3900000000000001,89.7,124.68300000000002
2002,Биржан сал,Пшеница,1.34,111.5,149.41
2003,Биржан сал,Пшеница,0.8800000000000001,110.7,97.41600000000001
2004,Биржан сал,Пшеница,0.65,112400.0,73060.0
2005,Биржан сал,Пшеница,1.08,112707.0,121723.56000000001
2006,Биржан сал,Пшеница,1.33,113546.0,151016.18000000002
2007,Биржан сал,Пшеница,1.5699999999999998,121893.0,191372.00999999998
2008,Биржан сал,Пшеница,0.41,150693.0,61784.13
2009,Биржан сал,Пшеница,1.54,155394.0,239306.76
2010,Биржан сал,Пшеница,0.61,155099.9,94610.939
2011,Биржан сал,Пшеница,1.58,159783.0,252457.14
2012,Биржан сал,Пшеница,0.55,152768.0,84022.40000000001
2013,Биржан сал,Пшеница,0.99,101579.7,100563.90299999999
2014,Биржан сал,Пшеница,1.17,81016.43,94789.22309999999
2015,Биржан сал,Пшеница,1.15,120515.0,138592.25
2016,Биржан сал,Пшеница,1.04,110044.0,114445.76000000001
2017,Биржан сал,Пшеница,1.06,81904.0,86818.24
2018,Биржан сал,Пшеница,1.31,87156.0,114174.36
2019,Биржан сал,Пшеница,1.05,75573.0,79351.65000000001
2020,Биржан сал,Пшеница,1.27,103532.7,131486.529
2021,Биржан сал,Пшеница,0.6806,130100.19,88546.189314
2022,Биржан сал,Пшеница,0.7485299999999999,131703.5,98584.020855
2023,Биржан сал,Пшеница,0.58,116575.9,67614.022
2024,Биржан сал,Пшеница,1.73,114924.2,198818.86599999998
2025,Биржан сал,Пшеница,1.7600000000000002,126822.2,223207.07200000001
1991,Буландынский,Зерновые и бобовые,0.8099999999999999,175700.0,142317.0
1992,Буландынский,Зерновые и бобовые,1.95,176700.0,344565.0
1993,Буландынский,Зерновые и бобовые,1.01,173300.0,175033.0
1994,Буландынский,Зерновые и бобовые,1.0,170200.0,170200.0
1995,Буландынский,Зерновые и бобовые,0.8099999999999999,173300.0,140373.0
1996,Буландынский,Зерновые и бобовые,0.55,172100.0,94655.00000000001
1997,Буландынский,Зерновые и бобовые,0.6599999999999999,147700.0,97481.99999999999
1998,Буландынский,Зерновые и бобовые,0.44000000000000006,146300.0,64372.00000000001
1999,Буландынский,Зерновые и бобовые,1.3199999999999998,150000.0,197999.99999999997
2000,Буландынский,Зерновые и бобовые,0.78,165005.0,128703.90000000001
2001,Буландынский,Зерновые и бобовые,0.8699999999999999,191492.0,166598.03999999998
2002,Буландынский,Зерновые и бобовые,0.64,202066.0,129322.24
2003,Буландынский,Зерновые и бобовые,0.82,180850.0,148297.0
2004,Буландынский,Зерновые и бобовые,0.64,194001.0,124160.64
2005,Буландынский,Зерновые и бобовые,0.95,178171.0,169262.44999999998
2006,Буландынский,Зерновые и бобовые,1.17,188787.4,220881.25799999997
2007,Буландынский,Зерновые и бобовые,1.16,198508.8,230270.20799999998
2008,Буландынский,Зерновые и бобовые,0.65,217375.0,141293.75
2009,Буландынский,Зерновые и бобовые,1.42,229151.6,325395.272
2010,Буландынский,Зерновые и бобовые,0.6900000000000001,225786.1,155792.409
2011,Буландынский,Зерновые и бобовые,1.6300000000000001,226347.0,368945.61000000004
2012,Буландынский,Зерновые и бобовые,0.8800000000000001,221140.0,194603.2
2013,Буландынский,Зерновые и бобовые,1.0,213054.21,213054.21
2014,Буландынский,Зерновые и бобовые,1.09,191738.09,208994.51810000002
2015,Буландынский,Зерновые и бобовые,1.24563,191066.0,237997.54158
2016,Буландынский,Зерновые и бобовые,1.32492,199405.33,264196.1098236
2017,Буландынский,Зерновые и бобовые,1.03916,201286.0,209168.35976000002
2018,Буландынский,Зерновые и бобовые,1.35,205821.9,277859.565
2019,Буландынский,Зерновые и бобовые,1.17,201158.6,235355.562
2020,Буландынский,Зерновые и бобовые,1.34,200466.9,268625.646
2021,Буландынский,Зерновые и бобовые,0.9887600000000001,196141.6,193936.96841600002
2022,Буландынский,Зерновые и бобовые,1.5118800000000001,193099.5,291943.27206000005
2023,Буландынский,Зерновые и бобовые,0.75,211693.0,158769.75
2024,Буландынский,Зерновые и бобовые,1.97,195104.9,384356.653
2025,Буландынский,Зерновые и бобовые,2.35,202921.2,476864.82000000007
1991,Буландынский,Пшеница,0.85,92900.0,78965.0
1992,Буландынский,Пшеница,1.95,96300.0,187785.0
1993,Буландынский,Пшеница,0.97,86500.0,83905.0
1994,Буландынский,Пшеница,0.9099999999999999,106200.0,96641.99999999999
1995,Буландынский,Пшеница,0.85,122300.0,103955.0
1996,Буландынский,Пшеница,0.53,126500.0,67045.0
1997,Буландынский,Пшеница,0.71,109300.0,77603.0
1998,Буландынский,Пшеница,0.44000000000000006,125100.0,55044.00000000001
1999,Буландынский,Пшеница,1.33,127.1,169.043
2000,Буландынский,Пшеница,0.76,144.2,109.592
2001,Буландынский,Пшеница,0.8699999999999999,165.7,144.15899999999996
2002,Буландынский,Пшеница,0.63,178.7,112.58099999999999
2003,Буландынский,Пшеница,0.8099999999999999,157.7,127.73699999999998
2004,Буландынский,Пшеница,0.64,174494.0,111676.16
2005,Буландынский,Пшеница,0.95,158604.0,150673.8
2006,Буландынский,Пшеница,1.16,169343.0,196437.87999999998
2007,Буландынский,Пшеница,1.1400000000000001,176235.6,200908.58400000003
2008,Буландынский,Пшеница,0.64,188106.7,120388.28800000002
2009,Буландынский,Пшеница,1.33,200483.5,266643.055
2010,Буландынский,Пшеница,0.6900000000000001,204271.8,140947.54200000002
2011,Буландынский,Пшеница,1.58,204847.0,323658.26
2012,Буландынский,Пшеница,0.89,192113.0,170980.57
2013,Буландынский,Пшеница,0.9099999999999999,187650.51,170761.96409999998
2014,Буландынский,Пшеница,1.05,157355.51,165223.28550000003
2015,Буландынский,Пшеница,1.24,159864.4,198231.856
2016,Буландынский,Пшеница,1.26,169202.93,213195.6918
2017,Буландынский,Пшеница,1.3,162887.6,211753.88
2018,Буландынский,Пшеница,1.28,163585.5,209389.44
2019,Буландынский,Пшеница,1.1800000000000002,157981.0,186417.58000000002
2020,Буландынский,Пшеница,1.28,165355.9,211655.552
2021,Буландынский,Пшеница,1.0009299999999999,165960.5,166114.84326499997
2022,Буландынский,Пшеница,1.52152,162618.0,247426.53936
2023,Буландынский,Пшеница,0.75,178600.8,133950.59999999998
2024,Буландынский,Пшеница,1.9,160307.9,304585.00999999995
2025,Буландынский,Пшеница,2.33,163904.4,381897.252
1998,Бурабайский,Зерновые и бобовые,0.5,139600.0,69800.0
1999,Бурабайский,Зерновые и бобовые,1.7899999999999998,137000.0,245229.99999999997
2000,Бурабайский,Зерновые и бобовые,1.08,160756.0,173616.48
2001,Бурабайский,Зерновые и бобовые,1.6199999999999999,164047.0,265756.13999999996
2002,Бурабайский,Зерновые и бобовые,1.21,168569.0,203968.49
2003,Бурабайский,Зерновые и бобовые,1.03,167835.0,172870.05000000002
2004,Бурабайский,Зерновые и бобовые,0.8699999999999999,152225.0,132435.74999999997
2005,Бурабайский,Зерновые и бобовые,1.23,150148.0,184682.04
2006,Бурабайский,Зерновые и бобовые,1.42,147428.5,209348.47
2007,Бурабайский,Зерновые и бобовые,1.3,147339.7,191541.61000000002
2008,Бурабайский,Зерновые и бобовые,0.76,156139.3,118665.86799999999
2009,Бурабайский,Зерновые и бобовые,1.42,167087.4,237264.10799999998
2010,Бурабайский,Зерновые и бобовые,0.64,132936.0,85079.04000000001
2011,Бурабайский,Зерновые и бобовые,1.8199999999999998,125635.4,228656.42799999996
2012,Бурабайский,Зерновые и бобовые,1.0699999999999998,131122.0,140300.53999999998
2013,Бурабайский,Зерновые и бобовые,0.96,125593.0,120569.28
2014,Бурабайский,Зерновые и бобовые,1.28,112675.35,144224.448
2015,Бурабайский,Зерновые и бобовые,1.32518,111820.9,148182.820262
2016,Бурабайский,Зерновые и бобовые,1.2860200000000002,123220.0,158463.3844
2017,Бурабайский,Зерновые и бобовые,1.3126200000000001,110875.2,145537.005024
2018,Бурабайский,Зерновые и бобовые,1.54,101418.8,156184.95200000002
2019,Бурабайский,Зерновые и бобовые,1.3800000000000001,107143.9,147858.582
2020,Бурабайский,Зерновые и бобовые,1.3800000000000001,121635.7,167857.266
2021,Бурабайский,Зерновые и бобовые,1.06999,126944.48,135829.32415519998
2022,Бурабайский,Зерновые и бобовые,1.38477,120453.9,166800.947103
2023,Бурабайский,Зерновые и бобовые,0.75,140501.8,105376.34999999999
2024,Бурабайский,Зерновые и бобовые,1.92,125871.42,241673.12639999998
2025,Бурабайский,Зерновые и бобовые,2.2,125179.48,275394.856
1998,Бурабайский,Пшеница,0.49000000000000005,111700.0,54733.00000000001
1999,Бурабайский,Пшеница,1.65,107.2,176.88
2000,Бурабайский,Пшеница,1.01,117.3,118.473
2001,Бурабайский,Пшеница,1.46,117.4,171.404
2002,Бурабайский,Пшеница,1.1,125.0,137.5
2003,Бурабайский,Пшеница,0.97,128.5,124.645
2004,Бурабайский,Пшеница,0.82,119647.0,98110.54
2005,Бурабайский,Пшеница,1.17,118065.0,138136.05
2006,Бурабайский,Пшеница,1.3800000000000001,114379.0,157843.02000000002
2007,Бурабайский,Пшеница,1.25,110640.7,138300.875
2008,Бурабайский,Пшеница,0.75,115848.3,86886.225
2009,Бурабайский,Пшеница,1.41,135117.4,190515.53399999999
2010,Бурабайский,Пшеница,0.6599999999999999,104931.0,69254.45999999999
2011,Бурабайский,Пшеница,1.7899999999999998,106790.4,191154.81599999996
2012,Бурабайский,Пшеница,1.1,106561.0,117217.1
2013,Бурабайский,Пшеница,0.85,101306.0,86110.09999999999
2014,Бурабайский,Пшеница,1.21,79878.05,96652.4405
2015,Бурабайский,Пшеница,1.19,67633.0,80483.26999999999
2016,Бурабайский,Пшеница,1.1099999999999999,71889.4,79797.23399999998
2017,Бурабайский,Пшеница,1.4300000000000002,48465.7,69305.951
2018,Бурабайский,Пшеница,1.49,45278.1,67464.36899999999
2019,Бурабайский,Пшеница,1.3900000000000001,48645.0,67616.55
2020,Бурабайский,Пшеница,1.22,63950.6,78019.732
2021,Бурабайский,Пшеница,1.01558,84128.72,85439.4454576
2022,Бурабайский,Пшеница,1.34133,87101.7,116832.12326099999
2023,Бурабайский,Пшеница,0.82,95109.0,77989.37999999999
2024,Бурабайский,Пшеница,1.95,90453.32,176383.97400000002
2025,Бурабайский,Пшеница,2.2800000000000002,77986.08,177808.26240000004
1991,Всего по области,Зерновые и бобовые,0.64,4700100.0,3008064.0
1992,Всего по области,Зерновые и бобовые,1.78,4670700.0,8313846.0
1993,Всего по области,Зерновые и бобовые,1.05,4580600.0,4809630.0
1994,Всего по области,Зерновые и бобовые,0.6799999999999999,4390300.0,2985403.9999999995
1995,Всего по области,Зерновые и бобовые,0.62,4193500.0,2599970.0
1996,Всего по области,Зерновые и бобовые,0.74,4054000.0,2999960.0
1997,Всего по области,Зерновые и бобовые,0.5599999999999999,3633300.0,2034647.9999999998
1998,Всего по области,Зерновые и бобовые,0.37,3080500.0,1139785.0
1999,Всего по области,Зерновые и бобовые,1.33,2728207.0,3628515.31
2000,Всего по области,Зерновые и бобовые,0.79,3191176.0,2521029.04
2001,Всего по области,Зерновые и бобовые,1.1199999999999999,3315824.0,3713722.8799999994
2002,Всего по области,Зерновые и бобовые,0.9099999999999999,3590425.0,3267286.7499999995
2003,Всего по области,Зерновые и бобовые,0.9099999999999999,3425116.0,3116855.5599999996
2004,Всего по области,Зерновые и бобовые,0.71,3606012.0,2560268.52
2005,Всего по области,Зерновые и бобовые,0.85,3604292.0,3063648.1999999997
2006,Всего по области,Зерновые и бобовые,0.96,3702435.9,3554338.4639999997
2007,Всего по области,Зерновые и бобовые,1.16,3875187.1,4495217.035999999
2008,Всего по области,Зерновые и бобовые,0.75,4131350.1,3098512.575
2009,Всего по области,Зерновые и бобовые,1.1199999999999999,4542656.4,5087775.168
2010,Всего по области,Зерновые и бобовые,0.52,4433671.9,2305509.3880000003
2011,Всего по области,Зерновые и бобовые,1.56,4278932.8,6675135.168
2012,Всего по области,Зерновые и бобовые,0.7,4353709.2,3047596.44
2013,Всего по области,Зерновые и бобовые,1.04396,4252009.04,4438927.3573984
2014,Всего по области,Зерновые и бобовые,1.1,4173377.76,4590715.536
2015,Всего по области,Зерновые и бобовые,1.08,4193825.8,4529331.864
2016,Всего по области,Зерновые и бобовые,1.16,4353422.57,5049970.1812
2017,Всего по области,Зерновые и бобовые,1.1199999999999999,4350556.41,4872623.1792
2018,Всего по области,Зерновые и бобовые,1.16686,4334225.1,5057433.900185999
2019,Всего по области,Зерновые и бобовые,0.95171,4447889.9,4233101.296729
2020,Всего по области,Зерновые и бобовые,1.16,4462838.2,5176892.312
2021,Всего по области,Зерновые и бобовые,0.8699999999999999,4585629.04,3989497.2647999995
2022,Всего по области,Зерновые и бобовые,1.16,4670645.5,5417948.779999999
2023,Всего по области,Зерновые и бобовые,0.6900000000000001,4915073.1,3391400.4390000002
2024,Всего по области,Зерновые и бобовые,1.31,4693012.24,6147846.0344
2025,Всего по области,Зерновые и бобовые,1.55,4680325.36,7254504.308000001
1991,Всего по области,Пшеница,0.77,,
1992,Всего по области,Пшеница,1.77,,
1993,Всего по области,Пшеница,0.97,,
1994,Всего по области,Пшеница,0.5900000000000001,,
1995,Всего по области,Пшеница,0.6,,
1996,Всего по области,Пшеница,0.71,,
1997,Всего по области,Пшеница,0.5599999999999999,,
1998,Всего по области,Пшеница,0.36,,
1999,Всего по области,Пшеница,1.3,,
2000,Всего по области,Пшеница,0.76,,
2001,Всего по области,Пшеница,1.08,,
2002,Всего по области,Пшеница,0.8699999999999999,,
2003,Всего по области,Пшеница,0.9,,
2004,Всего по области,Пшеница,0.71,,
2005,Всего по области,Пшеница,0.8300000000000001,,
2006,Всего по области,Пшеница,0.95,,
2007,Всего по области,Пшеница,1.1400000000000001,,
2008,Всего по области,Пшеница,0.74,,
2009,Всего по области,Пшеница,1.09,,
2010,Всего по области,Пшеница,0.51,,
2011,Всего по области,Пшеница,1.55,,
2012,Всего по области,Пшеница,0.6961700000000001,,
2013,Всего по области,Пшеница,1.0039500000000001,,
2014,Всего по области,Пшеница,1.09,,
2015,Всего по области,Пшеница,1.08,,
2016,Всего по области,Пшеница,1.1099999999999999,,
2017,Всего по области,Пшеница,1.09,,
2018,Всего по области,Пшеница,1.1119400000000002,,
2019,Всего по области,Пшеница,0.91921,,
2020,Всего по области,Пшеница,1.1300000000000001,,
2021,Всего по области,Пшеница,0.8699999999999999,,
2022,Всего по области,Пшеница,1.15,,
2023,Всего по области,Пшеница,0.6900000000000001,,
2024,Всего по области,Пшеница,1.24,,
2025,Всего по области,Пшеница,1.54,,
1991,Егиндыкольский,Зерновые и бобовые,0.67,258000.0,172860.0
1992,Егиндыкольский,Зерновые и бобовые,1.9300000000000002,258399.99999999997,498712.0
1993,Егиндыкольский,Зерновые и бобовые,0.9800000000000001,258899.99999999997,253722.0
1994,Егиндыкольский,Зерновые и бобовые,0.51,249200.0,127092.0
1995,Егиндыкольский,Зерновые и бобовые,0.43,250000.0,107500.0
1996,Егиндыкольский,Зерновые и бобовые,0.6900000000000001,234300.0,161667.0
1997,Егиндыкольский,Зерновые и бобовые,0.39,234400.0,91416.0
1998,Егиндыкольский,Зерновые и бобовые,0.31,208000.0,64480.0
1999,Егиндыкольский,Зерновые и бобовые,1.16,148000.0,171680.0
2000,Егиндыкольский,Зерновые и бобовые,0.6,160160.0,96096.0
2001,Егиндыкольский,Зерновые и бобовые,1.2,165000.0,198000.0
2002,Егиндыкольский,Зерновые и бобовые,0.64,200000.0,128000.0
2003,Егиндыкольский,Зерновые и бобовые,0.73,200300.0,146219.0
2004,Егиндыкольский,Зерновые и бобовые,0.6799999999999999,216610.0,147294.8
2005,Егиндыкольский,Зерновые и бобовые,0.62,221697.0,137452.13999999998
2006,Егиндыкольский,Зерновые и бобовые,0.64,227176.0,145392.64
2007,Егиндыкольский,Зерновые и бобовые,0.75,256416.0,192312.0
2008,Егиндыкольский,Зерновые и бобовые,0.6599999999999999,265055.3,174936.49799999996
2009,Егиндыкольский,Зерновые и бобовые,0.8,296988.9,237591.12000000002
2010,Егиндыкольский,Зерновые и бобовые,0.43,303204.0,130377.72
2011,Егиндыкольский,Зерновые и бобовые,1.1,303907.2,334297.92000000004
2012,Егиндыкольский,Зерновые и бобовые,0.5599999999999999,318366.0,178284.96
2013,Егиндыкольский,Зерновые и бобовые,1.03,313789.0,323202.67
2014,Егиндыкольский,Зерновые и бобовые,1.06,318832.2,337962.13200000004
2015,Егиндыкольский,Зерновые и бобовые,0.97585,319985.2,312257.55742
2016,Егиндыкольский,Зерновые и бобовые,1.0377,323920.0,336131.78400000004
2017,Егиндыкольский,Зерновые и бобовые,1.3800599999999998,318775.0,439928.62649999995
2018,Егиндыкольский,Зерновые и бобовые,0.93,310259.6,288541.428
2019,Егиндыкольский,Зерновые и бобовые,0.72,313813.9,225946.008
2020,Егиндыкольский,Зерновые и бобовые,1.1199999999999999,292785.8,327920.09599999996
2021,Егиндыкольский,Зерновые и бобовые,1.0161099999999998,307564.9,312519.770539
2022,Егиндыкольский,Зерновые и бобовые,0.9759800000000001,299683.2,292484.809536
2023,Егиндыкольский,Зерновые и бобовые,0.5900000000000001,325535.9,192066.18100000004
2024,Егиндыкольский,Зерновые и бобовые,1.01,322657.05,325883.6205
2025,Егиндыкольский,Зерновые и бобовые,1.22,309213.6,377240.59199999995
1991,Егиндыкольский,Пшеница,0.75,245620.0,184215.0
1992,Егиндыкольский,Пшеница,1.9600000000000002,240300.0,470988.00000000006
1993,Егиндыкольский,Пшеница,0.93,241400.0,224502.0
1994,Егиндыкольский,Пшеница,0.48,232600.0,111648.0
1995,Егиндыкольский,Пшеница,0.44000000000000006,244000.0,107360.00000000001
1996,Егиндыкольский,Пшеница,0.6900000000000001,230000.0,158700.0
1997,Егиндыкольский,Пшеница,0.39,230000.0,89700.0
1998,Егиндыкольский,Пшеница,0.32,206000.0,65920.0
1999,Егиндыкольский,Пшеница,1.16,147.1,170.636
2000,Егиндыкольский,Пшеница,0.6,156.2,93.71999999999998
2001,Егиндыкольский,Пшеница,1.2,158.0,189.6
2002,Егиндыкольский,Пшеница,0.64,190.4,121.85600000000001
2003,Егиндыкольский,Пшеница,0.73,192.5,140.525
2004,Егиндыкольский,Пшеница,0.6799999999999999,205329.0,139623.72
2005,Егиндыкольский,Пшеница,0.62,215426.0,133564.12
2006,Егиндыкольский,Пшеница,0.64,219651.0,140576.64
2007,Егиндыкольский,Пшеница,0.75,249198.0,186898.5
2008,Егиндыкольский,Пшеница,0.67,255277.3,171035.791
2009,Егиндыкольский,Пшеница,0.8,290023.9,232019.12000000002
2010,Егиндыкольский,Пшеница,0.43,297934.9,128112.00700000001
2011,Егиндыкольский,Пшеница,1.09,299270.2,326204.51800000004
2012,Егиндыкольский,Пшеница,0.5700000000000001,305785.0,174297.45
2013,Егиндыкольский,Пшеница,1.02,306175.0,312298.5
2014,Егиндыкольский,Пшеница,1.08,308254.2,332914.536
2015,Егиндыкольский,Пшеница,0.9800000000000001,314797.2,308501.25600000005
2016,Егиндыкольский,Пшеница,1.03,318497.0,328051.91000000003
2017,Егиндыкольский,Пшеница,0.8699999999999999,311163.0,270711.80999999994
2018,Егиндыкольский,Пшеница,0.93,298238.6,277361.898
2019,Егиндыкольский,Пшеница,0.72,303030.9,218182.24800000002
2020,Егиндыкольский,Пшеница,1.1199999999999999,280986.3,314704.65599999996
2021,Егиндыкольский,Пшеница,1.03291,294648.9,304345.79529900005
2022,Егиндыкольский,Пшеница,0.9750099999999999,291573.2,284286.785732
2023,Егиндыкольский,Пшеница,0.5900000000000001,316977.9,187016.96100000004
2024,Егиндыкольский,Пшеница,0.99,311554.55,308439.0045
2025,Егиндыкольский,Пшеница,1.22,300459.1,366560.10199999996
1991,Ерейментауский,Зерновые и бобовые,0.5,295200.0,147600.0
1992,Ерейментауский,Зерновые и бобовые,1.59,275200.0,437568.0
1993,Ерейментауский,Зерновые и бобовые,0.95,253400.0,240730.0
1994,Ерейментауский,Зерновые и бобовые,0.47000000000000003,231700.0,108899.0
1995,Ерейментауский,Зерновые и бобовые,0.51,225100.0,114801.0
1996,Ерейментауский,Зерновые и бобовые,0.8099999999999999,223000.0,180630.0
1997,Ерейментауский,Зерновые и бобовые,0.43,164000.0,70520.0
1998,Ерейментауский,Зерновые и бобовые,0.2,124600.0,24920.0
1999,Ерейментауский,Зерновые и бобовые,0.64,64000.0,40960.0
2000,Ерейментауский,Зерновые и бобовые,0.72,100000.0,72000.0
2001,Ерейментауский,Зерновые и бобовые,1.15,100244.0,115280.59999999999
2002,Ерейментауский,Зерновые и бобовые,0.8300000000000001,115563.0,95917.29000000001
2003,Ерейментауский,Зерновые и бобовые,0.54,102150.0,55161.0
2004,Ерейментауский,Зерновые и бобовые,0.5599999999999999,91802.0,51409.119999999995
2005,Ерейментауский,Зерновые и бобовые,0.44000000000000006,93392.0,41092.48
2006,Ерейментауский,Зерновые и бобовые,0.8699999999999999,93736.0,81550.31999999999
2007,Ерейментауский,Зерновые и бобовые,0.97,87510.0,84884.7
2008,Ерейментауский,Зерновые и бобовые,0.42000000000000004,81262.0,34130.04
2009,Ерейментауский,Зерновые и бобовые,0.79,94087.0,74328.73000000001
2010,Ерейментауский,Зерновые и бобовые,0.37,83105.0,30748.85
2011,Ерейментауский,Зерновые и бобовые,0.5700000000000001,77661.0,44266.770000000004
2012,Ерейментауский,Зерновые и бобовые,0.48,71039.0,34098.72
2013,Ерейментауский,Зерновые и бобовые,0.97,73422.98,71220.2906
2014,Ерейментауский,Зерновые и бобовые,0.5,71515.1,35757.55
2015,Ерейментауский,Зерновые и бобовые,0.58929,66023.0,38906.69367
2016,Ерейментауский,Зерновые и бобовые,0.76296,74574.0,56896.97904
2017,Ерейментауский,Зерновые и бобовые,0.45359999999999995,63208.0,28671.148799999995
2018,Ерейментауский,Зерновые и бобовые,0.9099999999999999,64272.0,58487.52
2019,Ерейментауский,Зерновые и бобовые,0.63,63996.3,40317.669
2020,Ерейментауский,Зерновые и бобовые,0.9400000000000001,76018.2,71457.10800000001
2021,Ерейментауский,Зерновые и бобовые,0.97868,90084.8,88164.192064
2022,Ерейментауский,Зерновые и бобовые,1.03707,93875.0,97354.94625
2023,Ерейментауский,Зерновые и бобовые,0.26,115985.7,30156.282
2024,Ерейментауский,Зерновые и бобовые,1.1800000000000002,88203.5,104080.13000000002
2025,Ерейментауский,Зерновые и бобовые,1.3800000000000001,80920.6,111670.42800000001
1991,Ерейментауский,Пшеница,1.0,216900.0,216900.0
1992,Ерейментауский,Пшеница,1.65,196500.0,324225.0
1993,Ерейментауский,Пшеница,0.9400000000000001,172300.0,161962.0
1994,Ерейментауский,Пшеница,0.38,171300.0,65094.0
1995,Ерейментауский,Пшеница,0.49000000000000005,171500.0,84035.00000000001
1996,Ерейментауский,Пшеница,0.8300000000000001,171100.0,142013.0
1997,Ерейментауский,Пшеница,0.45999999999999996,142000.0,65319.99999999999
1998,Ерейментауский,Пшеница,0.32,111900.0,35808.0
1999,Ерейментауский,Пшеница,0.63,61.6,38.808
2000,Ерейментауский,Пшеница,0.71,87.0,61.769999999999996
2001,Ерейментауский,Пшеница,1.1400000000000001,84.1,95.87400000000001
2002,Ерейментауский,Пшеница,0.86,97.8,84.10799999999999
2003,Ерейментауский,Пшеница,0.54,85.2,46.008
2004,Ерейментауский,Пшеница,0.5900000000000001,81008.0,47794.72000000001
2005,Ерейментауский,Пшеница,0.44000000000000006,85159.0,37469.96000000001
2006,Ерейментауский,Пшеница,0.8699999999999999,85435.0,74328.45
2007,Ерейментауский,Пшеница,0.93,79815.0,74227.95
2008,Ерейментауский,Пшеница,0.43,72067.0,30988.81
2009,Ерейментауский,Пшеница,0.8,86619.0,69295.2
2010,Ерейментауский,Пшеница,0.37,76987.0,28485.19
2011,Ерейментауский,Пшеница,0.5599999999999999,70832.0,39665.92
2012,Ерейментауский,Пшеница,0.47000000000000003,61299.0,28810.530000000002
2013,Ерейментауский,Пшеница,0.9199999999999999,56878.0,52327.759999999995
2014,Ерейментауский,Пшеница,0.5,53723.13,26861.565
2015,Ерейментауский,Пшеница,0.6599999999999999,48598.0,32074.679999999997
2016,Ерейментауский,Пшеница,0.76,59170.0,44969.2
2017,Ерейментауский,Пшеница,0.47000000000000003,43568.0,20476.960000000003
2018,Ерейментауский,Пшеница,0.97,45980.0,44600.6
2019,Ерейментауский,Пшеница,0.62,47122.3,29215.826
2020,Ерейментауский,Пшеница,0.95,59347.2,56379.84
2021,Ерейментауский,Пшеница,1.01382,70778.2,71756.35472399999
2022,Ерейментауский,Пшеница,1.05301,74166.0,78097.53966
2023,Ерейментауский,Пшеница,0.27,94334.7,25470.369000000002
2024,Ерейментауский,Пшеница,1.2,69689.5,83627.4
2025,Ерейментауский,Пшеница,1.41,63670.6,89775.54599999999
1997,Есильский,Зерновые и бобовые,0.6599999999999999,362900.0,239513.99999999997
1998,Есильский,Зерновые и бобовые,0.27999999999999997,337100.0,94387.99999999999
1999,Есильский,Зерновые и бобовые,1.05,300848.0,315890.4
2000,Есильский,Зерновые и бобовые,0.51,380107.0,193854.57
2001,Есильский,Зерновые и бобовые,0.9,310585.0,279526.5
2002,Есильский,Зерновые и бобовые,0.9099999999999999,305000.0,277550.0
2003,Есильский,Зерновые и бобовые,0.8400000000000001,305993.0,257034.12000000002
2004,Есильский,Зерновые и бобовые,0.54,349883.0,188936.82
2005,Есильский,Зерновые и бобовые,0.72,332064.0,239086.08
2006,Есильский,Зерновые и бобовые,0.8099999999999999,403831.0,327103.11
2007,Есильский,Зерновые и бобовые,1.24,421761.0,522983.64
2008,Есильский,Зерновые и бобовые,0.65,438857.0,285257.05
2009,Есильский,Зерновые и бобовые,0.8099999999999999,481843.0,390292.82999999996
2010,Есильский,Зерновые и бобовые,0.31,471197.0,146071.07
2011,Есильский,Зерновые и бобовые,1.9600000000000002,426675.0,836283.0000000001
2012,Есильский,Зерновые и бобовые,0.5900000000000001,454864.2,268369.878
2013,Есильский,Зерновые и бобовые,0.8699999999999999,437048.4,380232.10799999995
2014,Есильский,Зерновые и бобовые,1.04,438289.37,455820.9448
2015,Есильский,Зерновые и бобовые,1.0477,450763.4,472264.81418000004
2016,Есильский,Зерновые и бобовые,1.14934,453804.0,521575.08936000004
2017,Есильский,Зерновые и бобовые,1.21177,435942.4,528261.922048
2018,Есильский,Зерновые и бобовые,0.9199999999999999,440092.4,404885.008
2019,Есильский,Зерновые и бобовые,0.8300000000000001,446786.7,370832.96100000007
2020,Есильский,Зерновые и бобовые,0.9199999999999999,419207.7,385671.084
2021,Есильский,Зерновые и бобовые,0.65934,446029.58,294085.14327720006
2022,Есильский,Зерновые и бобовые,1.13993,446597.1,509089.432203
2023,Есильский,Зерновые и бобовые,0.76,452019.2,343534.592
2024,Есильский,Зерновые и бобовые,1.1199999999999999,442624.05,495738.9359999999
2025,Есильский,Зерновые и бобовые,1.34,430825.7,577306.4380000001
1997,Есильский,Пшеница,0.6799999999999999,291100.0,197947.99999999997
1998,Есильский,Пшеница,0.29,291400.0,84506.0
1999,Есильский,Пшеница,1.04,269.2,279.968
2000,Есильский,Пшеница,0.51,336.8,171.768
2001,Есильский,Пшеница,0.8699999999999999,275.9,240.03299999999996
2002,Есильский,Пшеница,0.8699999999999999,282.0,245.33999999999997
2003,Есильский,Пшеница,0.82,271.2,222.384
2004,Есильский,Пшеница,0.54,313351.0,169209.54
2005,Есильский,Пшеница,0.72,303184.0,218292.47999999998
2006,Есильский,Пшеница,0.8,365428.0,292342.4
2007,Есильский,Пшеница,1.21,389726.0,471568.45999999996
2008,Есильский,Пшеница,0.65,399061.0,259389.65000000002
2009,Есильский,Пшеница,0.8099999999999999,446986.0,362058.66
2010,Есильский,Пшеница,0.31,439866.0,136358.46
2011,Есильский,Пшеница,1.94,398859.0,773786.46
2012,Есильский,Пшеница,0.5900000000000001,415564.0,245182.76000000004
2013,Есильский,Пшеница,0.8400000000000001,394749.4,331589.49600000004
2014,Есильский,Пшеница,1.02,400368.4,408375.76800000004
2015,Есильский,Пшеница,1.04,417518.4,434219.13600000006
2016,Есильский,Пшеница,1.09,415742.4,453159.2160000001
2017,Есильский,Пшеница,1.1800000000000002,385739.4,455172.4920000001
2018,Есильский,Пшеница,0.8800000000000001,379931.4,334339.63200000004
2019,Есильский,Пшеница,0.82,373392.2,306181.604
2020,Есильский,Пшеница,0.9400000000000001,359367.7,337805.63800000004
2021,Есильский,Пшеница,0.65837,405733.92,267123.0409104
2022,Есильский,Пшеница,1.11946,402833.6,450956.1018559999
2023,Есильский,Пшеница,0.75,401300.2,300975.15
2024,Есильский,Пшеница,1.05,393640.3,413322.315
2025,Есильский,Пшеница,1.31,367682.7,481664.33700000006
1997,Жаксынский,Зерновые и бобовые,0.58,308000.0,178640.0
1998,Жаксынский,Зерновые и бобовые,0.31,233700.0,72447.0
1999,Жаксынский,Зерновые и бобовые,1.33,200050.0,266066.5
2000,Жаксынский,Зерновые и бобовые,0.53,251925.0,133520.25
2001,Жаксынский,Зерновые и бобовые,0.9099999999999999,253136.0,230353.75999999998
2002,Жаксынский,Зерновые и бобовые,0.8400000000000001,273616.0,229837.44000000003
2003,Жаксынский,Зерновые и бобовые,1.1400000000000001,252683.0,288058.62000000005
2004,Жаксынский,Зерновые и бобовые,0.9,311865.0,280678.5
2005,Жаксынский,Зерновые и бобовые,0.93,326346.0,303501.78
2006,Жаксынский,Зерновые и бобовые,1.2,360486.0,432583.2
2007,Жаксынский,Зерновые и бобовые,1.6600000000000001,373461.0,619945.26
2008,Жаксынский,Зерновые и бобовые,0.9099999999999999,388489.0,353524.99
2009,Жаксынский,Зерновые и бобовые,1.24,404593.0,501695.32
2010,Жаксынский,Зерновые и бобовые,0.54,411531.0,222226.74000000002
2011,Жаксынский,Зерновые и бобовые,2.05,407226.0,834813.2999999999
2012,Жаксынский,Зерновые и бобовые,0.8,412913.5,330330.80000000005
2013,Жаксынский,Зерновые и бобовые,1.05,411028.78,431580.21900000004
2014,Жаксынский,Зерновые и бобовые,1.33,410079.11,545405.2163
2015,Жаксынский,Зерновые и бобовые,1.29845,408807.0,530815.44915
2016,Жаксынский,Зерновые и бобовые,1.28329,437243.0,561109.56947
2017,Жаксынский,Зерновые и бобовые,1.372,435587.6,597626.1872
2018,Жаксынский,Зерновые и бобовые,1.31,427880.9,560523.979
2019,Жаксынский,Зерновые и бобовые,1.15,447784.7,514952.40499999997
2020,Жаксынский,Зерновые и бобовые,1.02,451317.0,460343.34
2021,Жаксынский,Зерновые и бобовые,0.80579,450294.3,362842.643997
2022,Жаксынский,Зерновые и бобовые,1.20946,460733.7,557238.980802
2023,Жаксынский,Зерновые и бобовые,0.79,477056.5,376874.635
2024,Жаксынский,Зерновые и бобовые,1.0,473652.9,473652.9
2025,Жаксынский,Зерновые и бобовые,1.5699999999999998,470763.3,739098.3809999999
1997,Жаксынский,Пшеница,0.61,245000.0,149450.0
1998,Жаксынский,Пшеница,0.31,200000.0,62000.0
1999,Жаксынский,Пшеница,1.33,173.2,230.356
2000,Жаксынский,Пшеница,0.51,219.3,111.843
2001,Жаксынский,Пшеница,0.9099999999999999,222.2,202.20199999999997
2002,Жаксынский,Пшеница,0.8300000000000001,240.8,199.86400000000003
2003,Жаксынский,Пшеница,1.1300000000000001,222.7,251.651
2004,Жаксынский,Пшеница,0.9199999999999999,284865.0,262075.8
2005,Жаксынский,Пшеница,0.9199999999999999,304209.0,279872.27999999997
2006,Жаксынский,Пшеница,1.2,335538.0,402645.6
2007,Жаксынский,Пшеница,1.65,353196.0,582773.4
2008,Жаксынский,Пшеница,0.9,364931.0,328437.9
2009,Жаксынский,Пшеница,1.23,380111.0,467536.52999999997
2010,Жаксынский,Пшеница,0.54,395005.0,213302.7
2011,Жаксынский,Пшеница,2.04,388452.0,792442.08
2012,Жаксынский,Пшеница,0.8099999999999999,394833.4,319815.054
2013,Жаксынский,Пшеница,1.02,393224.77,401089.26540000003
2014,Жаксынский,Пшеница,1.33,384230.41,511026.4453
2015,Жаксынский,Пшеница,1.33,383111.6,509538.428
2016,Жаксынский,Пшеница,1.23,398441.0,490082.43
2017,Жаксынский,Пшеница,1.3599999999999999,390469.0,531037.84
2018,Жаксынский,Пшеница,1.28,368976.8,472290.304
2019,Жаксынский,Пшеница,1.1300000000000001,369481.7,417514.32100000005
2020,Жаксынский,Пшеница,1.01,376138.0,379899.38
2021,Жаксынский,Пшеница,0.81579,395308.8,322488.965952
2022,Жаксынский,Пшеница,1.21533,421809.1,512637.25350299996
2023,Жаксынский,Пшеница,0.79,437902.9,345943.291
2024,Жаксынский,Пшеница,0.93,435712.6,405212.718
2025,Жаксынский,Пшеница,1.56,422793.7,659558.172
1997,Жаркаинский,Зерновые и бобовые,0.32999999999999996,348100.0,114872.99999999999
1998,Жаркаинский,Зерновые и бобовые,0.21000000000000002,236500.0,49665.00000000001
1999,Жаркаинский,Зерновые и бобовые,0.9199999999999999,165000.0,151800.0
2000,Жаркаинский,Зерновые и бобовые,0.78,179783.0,140230.74
2001,Жаркаинский,Зерновые и бобовые,0.9099999999999999,201467.0,183334.96999999997
2002,Жаркаинский,Зерновые и бобовые,0.73,226830.0,165585.9
2003,Жаркаинский,Зерновые и бобовые,0.8800000000000001,260861.0,229557.68000000002
2004,Жаркаинский,Зерновые и бобовые,0.74,309669.0,229155.06
2005,Жаркаинский,Зерновые и бобовые,0.64,327490.0,209593.6
2006,Жаркаинский,Зерновые и бобовые,0.49000000000000005,319742.4,156673.776
2007,Жаркаинский,Зерновые и бобовые,1.08,334879.2,361669.536
2008,Жаркаинский,Зерновые и бобовые,0.9199999999999999,395116.9,363507.548
2009,Жаркаинский,Зерновые и бобовые,0.9099999999999999,485994.2,442254.72199999995
2010,Жаркаинский,Зерновые и бобовые,0.43,521183.9,224109.07700000002
2011,Жаркаинский,Зерновые и бобовые,1.69,509122.3,860416.6869999999
2012,Жаркаинский,Зерновые и бобовые,0.62,543965.0,337258.3
2013,Жаркаинский,Зерновые и бобовые,1.19,528830.47,629308.2592999999
2014,Жаркаинский,Зерновые и бобовые,1.05,547076.48,574430.304
2015,Жаркаинский,Зерновые и бобовые,0.96717,553073.3,534915.903561
2016,Жаркаинский,Зерновые и бобовые,1.04357,591129.2,616884.699244
2017,Жаркаинский,Зерновые и бобовые,0.8728899999999999,616883.6,538471.525604
2018,Жаркаинский,Зерновые и бобовые,0.82,631080.7,517486.17399999994
2019,Жаркаинский,Зерновые и бобовые,0.72,635377.7,457471.94399999996
2020,Жаркаинский,Зерновые и бобовые,0.79,620386.8,490105.57200000004
2021,Жаркаинский,Зерновые и бобовые,0.46051000000000003,617069.7,284166.767547
2022,Жаркаинский,Зерновые и бобовые,1.03672,659527.5,683745.3498000001
2023,Жаркаинский,Зерновые и бобовые,0.47000000000000003,652043.2,306460.304
2024,Жаркаинский,Зерновые и бобовые,0.85,644556.5,547873.025
2025,Жаркаинский,Зерновые и бобовые,1.1400000000000001,670308.8,764152.0320000001
1997,Жаркаинский,Пшеница,0.32999999999999996,330900.0,109196.99999999999
1998,Жаркаинский,Пшеница,0.22000000000000003,225600.0,49632.00000000001
1999,Жаркаинский,Пшеница,0.9199999999999999,158.3,145.636
2000,Жаркаинский,Пшеница,0.8,167.5,134.0
2001,Жаркаинский,Пшеница,0.9199999999999999,188.8,173.696
2002,Жаркаинский,Пшеница,0.72,213.4,153.648
2003,Жаркаинский,Пшеница,0.8699999999999999,240.0,208.79999999999998
2004,Жаркаинский,Пшеница,0.75,287944.0,215958.0
2005,Жаркаинский,Пшеница,0.65,308240.0,200356.0
2006,Жаркаинский,Пшеница,0.49000000000000005,293672.4,143899.47600000002
2007,Жаркаинский,Пшеница,1.08,315652.3,340904.484
2008,Жаркаинский,Пшеница,0.9199999999999999,363282.0,334219.44
2009,Жаркаинский,Пшеница,0.9199999999999999,455466.2,419028.904
2010,Жаркаинский,Пшеница,0.44000000000000006,496155.9,218308.59600000005
2011,Жаркаинский,Пшеница,1.69,492450.1,832240.6689999999
2012,Жаркаинский,Пшеница,0.64,512849.0,328223.36
2013,Жаркаинский,Пшеница,1.1800000000000002,499989.8,589987.964
2014,Жаркаинский,Пшеница,1.05,524296.48,550511.304
2015,Жаркаинский,Пшеница,0.9800000000000001,534471.3,523781.87400000007
2016,Жаркаинский,Пшеница,1.03,577389.2,594710.8759999999
2017,Жаркаинский,Пшеница,0.8800000000000001,597310.2,525632.976
2018,Жаркаинский,Пшеница,0.8099999999999999,600409.1,486331.3709999999
2019,Жаркаинский,Пшеница,0.71,593780.4,421584.084
2020,Жаркаинский,Пшеница,0.78,569558.9,444255.94200000004
2021,Жаркаинский,Пшеница,0.46475999999999995,576983.0,268158.61908
2022,Жаркаинский,Пшеница,1.02419,621632.5,636669.790175
2023,Жаркаинский,Пшеница,0.45,606536.0,272941.2
2024,Жаркаинский,Пшеница,0.75,583384.4,437538.30000000005
2025,Жаркаинский,Пшеница,1.1300000000000001,576274.4,651190.072
1991,Зерендинский,Зерновые и бобовые,0.53,231800.0,122854.0
1992,Зерендинский,Зерновые и бобовые,1.64,224500.0,368180.0
1993,Зерендинский,Зерновые и бобовые,1.04,212000.0,220480.0
1994,Зерендинский,Зерновые и бобовые,0.6599999999999999,203700.0,134441.99999999997
1995,Зерендинский,Зерновые и бобовые,0.58,204600.0,118667.99999999999
1996,Зерендинский,Зерновые и бобовые,0.5700000000000001,208000.0,118560.00000000001
1998,Зерендинский,Зерновые и бобовые,0.45,167900.0,75555.0
1999,Зерендинский,Зерновые и бобовые,1.78,174012.0,309741.36
2000,Зерендинский,Зерновые и бобовые,1.08,188168.0,203221.44
2001,Зерендинский,Зерновые и бобовые,1.3699999999999999,205552.0,281606.24
2002,Зерендинский,Зерновые и бобовые,1.15,215002.0,247252.3
2003,Зерендинский,Зерновые и бобовые,0.93,177600.0,165168.0
2004,Зерендинский,Зерновые и бобовые,0.89,202290.0,180038.1
2005,Зерендинский,Зерновые и бобовые,1.19,205000.0,243950.0
2006,Зерендинский,Зерновые и бобовые,1.51,210505.0,317862.55
2007,Зерендинский,Зерновые и бобовые,1.6300000000000001,219004.0,356976.52
2008,Зерендинский,Зерновые и бобовые,1.09,214260.0,233543.40000000002
2009,Зерендинский,Зерновые и бобовые,1.53,223925.0,342605.25
2010,Зерендинский,Зерновые и бобовые,0.9400000000000001,170959.0,160701.46000000002
2011,Зерендинский,Зерновые и бобовые,2.2,162266.0,356985.2
2012,Зерендинский,Зерновые и бобовые,1.21,166020.8,200885.16799999998
2013,Зерендинский,Зерновые и бобовые,1.16,171357.5,198774.69999999998
2014,Зерендинский,Зерновые и бобовые,1.2,155978.91,187174.692
2015,Зерендинский,Зерновые и бобовые,1.43881,163839.5,235733.91099499998
2016,Зерендинский,Зерновые и бобовые,1.33833,181602.3,243043.806159
2017,Зерендинский,Зерновые и бобовые,1.83535,179714.4,329838.82404
2018,Зерендинский,Зерновые и бобовые,1.83,179788.9,329013.687
2019,Зерендинский,Зерновые и бобовые,1.31,193251.6,253159.59600000002
2020,Зерендинский,Зерновые и бобовые,1.4,209108.4,292751.75999999995
2021,Зерендинский,Зерновые и бобовые,0.98275,205764.79,202215.34737250002
2022,Зерендинский,Зерновые и бобовые,1.53796,207609.9,319295.721804
2023,Зерендинский,Зерновые и бобовые,0.8400000000000001,247607.6,207990.38400000002
2024,Зерендинский,Зерновые и бобовые,1.9100000000000001,220397.54,420959.30140000005
2025,Зерендинский,Зерновые и бобовые,2.1,217624.74,457011.954
1991,Зерендинский,Пшеница,0.67,110700.0,74169.0
1992,Зерендинский,Пшеница,1.75,119200.0,208600.0
1993,Зерендинский,Пшеница,0.9,92200.0,82980.0
1994,Зерендинский,Пшеница,0.5,94300.0,47150.0
1995,Зерендинский,Пшеница,0.65,106100.0,68965.0
1996,Зерендинский,Пшеница,0.5700000000000001,124400.0,70908.00000000001
1998,Зерендинский,Пшеница,0.48,119300.0,57264.0
1999,Зерендинский,Пшеница,1.8,120.1,216.18
2000,Зерендинский,Пшеница,1.05,147.1,154.455
2001,Зерендинский,Пшеница,1.3599999999999999,173.7,236.23199999999997
2002,Зерендинский,Пшеница,1.1099999999999999,159.0,176.48999999999998
2003,Зерендинский,Пшеница,0.9199999999999999,131.0,120.52
2004,Зерендинский,Пшеница,0.96,152230.0,146140.8
2005,Зерендинский,Пшеница,1.16,169900.0,197084.0
2006,Зерендинский,Пшеница,1.51,176299.0,266211.49
2007,Зерендинский,Пшеница,1.61,180803.0,291092.83
2008,Зерендинский,Пшеница,1.03,163723.3,168634.99899999998
2009,Зерендинский,Пшеница,1.44,161561.8,232648.99199999997
2010,Зерендинский,Пшеница,0.95,121051.0,114998.45
2011,Зерендинский,Пшеница,2.2199999999999998,134450.0,298478.99999999994
2012,Зерендинский,Пшеница,1.24,130154.3,161391.332
2013,Зерендинский,Пшеница,1.09,134302.6,146389.834
2014,Зерендинский,Пшеница,1.15,111552.81,128285.7315
2015,Зерендинский,Пшеница,1.4300000000000002,110252.7,157661.361
2016,Зерендинский,Пшеница,1.23,115013.4,141466.482
2017,Зерендинский,Пшеница,1.8699999999999999,100955.3,188786.411
2018,Зерендинский,Пшеница,1.89,92258.0,174367.62
2019,Зерендинский,Пшеница,1.29,111659.0,144040.11000000002
2020,Зерендинский,Пшеница,1.3800000000000001,131447.83,181398.0054
2021,Зерендинский,Пшеница,0.96538,154171.89,148834.4591682
2022,Зерендинский,Пшеница,1.51973,144171.2,219101.29777600002
2023,Зерендинский,Пшеница,0.8699999999999999,158864.5,138212.115
2024,Зерендинский,Пшеница,1.92,144284.73,277026.6816
2025,Зерендинский,Пшеница,2.2600000000000002,133069.74,300737.6124
1991,Коргалжынский,Зерновые и бобовые,0.45999999999999996,188600.0,86756.0
1992,Коргалжынский,Зерновые и бобовые,1.8399999999999999,188900.0,347576.0
1993,Коргалжынский,Зерновые и бобовые,0.9199999999999999,202100.0,185932.0
1994,Коргалжынский,Зерновые и бобовые,0.37,190400.0,70448.0
1995,Коргалжынский,Зерновые и бобовые,0.27,164700.0,44469.0
1996,Коргалжынский,Зерновые и бобовые,0.6900000000000001,143300.0,98877.00000000001
1997,Коргалжынский,Зерновые и бобовые,0.38,101900.0,38722.0
1998,Коргалжынский,Зерновые и бобовые,0.27,73300.0,19791.0
1999,Коргалжынский,Зерновые и бобовые,0.8099999999999999,50025.0,40520.25
2000,Коргалжынский,Зерновые и бобовые,0.48,70000.0,33600.0
2001,Коргалжынский,Зерновые и бобовые,0.8800000000000001,66003.0,58082.64000000001
2002,Коргалжынский,Зерновые и бобовые,0.5,81800.0,40900.0
2003,Коргалжынский,Зерновые и бобовые,0.49000000000000005,65000.0,31850.000000000004
2004,Коргалжынский,Зерновые и бобовые,0.45999999999999996,80000.0,36800.0
2005,Коргалжынский,Зерновые и бобовые,0.37,72000.0,26640.0
2006,Коргалжынский,Зерновые и бобовые,0.51,54000.0,27540.0
2007,Коргалжынский,Зерновые и бобовые,0.6799999999999999,54755.0,37233.399999999994
2008,Коргалжынский,Зерновые и бобовые,0.51,65006.0,33153.06
2009,Коргалжынский,Зерновые и бобовые,0.62,85010.0,52706.2
2010,Коргалжынский,Зерновые и бобовые,0.38,87445.0,33229.1
2011,Коргалжынский,Зерновые и бобовые,0.9,80095.0,72085.5
2012,Коргалжынский,Зерновые и бобовые,0.5700000000000001,82294.0,46907.58
2013,Коргалжынский,Зерновые и бобовые,1.0699999999999998,80859.0,86519.12999999999
2014,Коргалжынский,Зерновые и бобовые,0.86,88291.61,75930.7846
2015,Коргалжынский,Зерновые и бобовые,0.70972,96399.0,68416.29828
2016,Коргалжынский,Зерновые и бобовые,0.90482,104500.0,94553.69
2017,Коргалжынский,Зерновые и бобовые,0.7176,117740.0,84490.224
2018,Коргалжынский,Зерновые и бобовые,1.04,113322.0,117854.88
2019,Коргалжынский,Зерновые и бобовые,0.65,123463.4,80251.20999999999
2020,Коргалжынский,Зерновые и бобовые,1.1400000000000001,132411.0,150948.54
2021,Коргалжынский,Зерновые и бобовые,0.98665,139169.5,137311.587175
2022,Коргалжынский,Зерновые и бобовые,0.69241,152040.7,105274.501087
2023,Коргалжынский,Зерновые и бобовые,0.47000000000000003,169343.0,79591.21
2024,Коргалжынский,Зерновые и бобовые,1.2,153426.0,184111.19999999998
2025,Коргалжынский,Зерновые и бобовые,1.2,155494.5,186593.4
1991,Коргалжынский,Пшеница,0.7,176600.0,123619.99999999999
1992,Коргалжынский,Пшеница,1.85,177800.0,328930.0
1993,Коргалжынский,Пшеница,0.9099999999999999,184100.0,167530.99999999997
1994,Коргалжынский,Пшеница,0.37,181500.0,67155.0
1995,Коргалжынский,Пшеница,0.27999999999999997,160000.0,44799.99999999999
1996,Коргалжынский,Пшеница,0.7,139300.0,97510.0
1997,Коргалжынский,Пшеница,0.39,100000.0,39000.0
1998,Коргалжынский,Пшеница,0.27,72600.0,19602.0
1999,Коргалжынский,Пшеница,0.8099999999999999,50.0,40.5
2000,Коргалжынский,Пшеница,0.45,64.0,28.8
2001,Коргалжынский,Пшеница,0.85,60.3,51.254999999999995
2002,Коргалжынский,Пшеница,0.5,79.6,39.8
2003,Коргалжынский,Пшеница,0.49000000000000005,64.1,31.409
2004,Коргалжынский,Пшеница,0.47000000000000003,78115.0,36714.05
2005,Коргалжынский,Пшеница,0.37,70480.0,26077.6
2006,Коргалжынский,Пшеница,0.52,52380.0,27237.600000000002
2007,Коргалжынский,Пшеница,0.6900000000000001,50920.0,35134.8
2008,Коргалжынский,Пшеница,0.51,58795.0,29985.45
2009,Коргалжынский,Пшеница,0.62,82245.0,50991.9
2010,Коргалжынский,Пшеница,0.38,84315.0,32039.7
2011,Коргалжынский,Пшеница,0.9199999999999999,76255.0,70154.59999999999
2012,Коргалжынский,Пшеница,0.58,78442.0,45496.35999999999
2013,Коргалжынский,Пшеница,1.04,72943.0,75860.72
2014,Коргалжынский,Пшеница,0.9,78304.57,70474.11300000001
2015,Коргалжынский,Пшеница,0.73,88355.0,64499.15
2016,Коргалжынский,Пшеница,0.9199999999999999,98446.0,90570.31999999999
2017,Коргалжынский,Пшеница,0.73,110331.0,80541.63
2018,Коргалжынский,Пшеница,1.03,100771.0,103794.13
2019,Коргалжынский,Пшеница,0.65,114028.0,74118.2
2020,Коргалжынский,Пшеница,1.1300000000000001,120083.0,135693.79
2021,Коргалжынский,Пшеница,0.9965299999999999,128063.5,127619.11965499999
2022,Коргалжынский,Пшеница,0.70469,140886.7,99281.44862300002
2023,Коргалжынский,Пшеница,0.48,151445.0,72693.59999999999
2024,Коргалжынский,Пшеница,1.17,132684.0,155240.28
2025,Коргалжынский,Пшеница,1.23,140886.5,173290.395
1991,Сандыктауский,Зерновые и бобовые,0.8300000000000001,261700.0,217211.00000000003
1992,Сандыктауский,Зерновые и бобовые,2.0100000000000002,256899.99999999997,516369.0
1993,Сандыктауский,Зерновые и бобовые,0.89,247400.0,220186.0
1994,Сандыктауский,Зерновые и бобовые,0.99,243800.0,241362.0
1995,Сандыктауский,Зерновые и бобовые,0.8800000000000001,241800.0,212784.00000000003
1996,Сандыктауский,Зерновые и бобовые,0.78,247300.0,192894.0
1997,Сандыктауский,Зерновые и бобовые,0.93,219300.0,203949.0
1998,Сандыктауский,Зерновые и бобовые,0.65,210000.0,136500.0
1999,Сандыктауский,Зерновые и бобовые,1.64,250910.0,411492.39999999997
2000,Сандыктауский,Зерновые и бобовые,1.0,254000.0,254000.0
2001,Сандыктауский,Зерновые и бобовые,1.25,256500.0,320625.0
2002,Сандыктауский,Зерновые и бобовые,1.1199999999999999,285000.0,319199.99999999994
2003,Сандыктауский,Зерновые и бобовые,1.17,265900.0,311103.0
2004,Сандыктауский,Зерновые и бобовые,0.8,268300.0,214640.0
2005,Сандыктауский,Зерновые и бобовые,1.19,271330.0,322882.7
2006,Сандыктауский,Зерновые и бобовые,1.3599999999999999,281599.0,382974.63999999996
2007,Сандыктауский,Зерновые и бобовые,1.3599999999999999,290986.6,395741.77599999995
2008,Сандыктауский,Зерновые и бобовые,1.04,292541.7,304243.368
2009,Сандыктауский,Зерновые и бобовые,1.3800000000000001,317015.7,437481.666
2010,Сандыктауский,Зерновые и бобовые,0.78,315384.0,245999.52000000002
2011,Сандыктауский,Зерновые и бобовые,1.8199999999999998,310389.9,564909.618
2012,Сандыктауский,Зерновые и бобовые,0.97,313543.1,304136.807
2013,Сандыктауский,Зерновые и бобовые,1.03,306750.33,315952.8399
2014,Сандыктауский,Зерновые и бобовые,1.4300000000000002,293927.05,420315.6815
2015,Сандыктауский,Зерновые и бобовые,1.3604699999999998,295648.2,402220.50665399997
2016,Сандыктауский,Зерновые и бобовые,1.39358,280983.5,391572.98593
2017,Сандыктауский,Зерновые и бобовые,1.6799600000000001,295833.9,496989.1186440001
2018,Сандыктауский,Зерновые и бобовые,1.53,289554.9,443018.99700000003
2019,Сандыктауский,Зерновые и бобовые,1.3800000000000001,294089.7,405843.786
2020,Сандыктауский,Зерновые и бобовые,1.61,305065.8,491155.938
2021,Сандыктауский,Зерновые и бобовые,1.17729,309751.98,364667.9085342
2022,Сандыктауский,Зерновые и бобовые,1.98948,314242.1,625178.3731079999
2023,Сандыктауский,Зерновые и бобовые,1.22,330385.6,403070.432
2024,Сандыктауский,Зерновые и бобовые,1.9300000000000002,311125.5,600472.2150000001
2025,Сандыктауский,Зерновые и бобовые,2.2199999999999998,313239.8,695392.3559999999
1991,Сандыктауский,Пшеница,0.65,129600.0,84240.0
1992,Сандыктауский,Пшеница,1.9100000000000001,127300.0,243143.00000000003
1993,Сандыктауский,Пшеница,0.73,96900.0,70737.0
1994,Сандыктауский,Пшеница,0.78,138000.0,107640.0
1995,Сандыктауский,Пшеница,0.82,160200.0,131364.0
1996,Сандыктауский,Пшеница,0.6599999999999999,185700.0,122561.99999999999
1997,Сандыктауский,Пшеница,0.95,158100.0,150195.0
1998,Сандыктауский,Пшеница,0.63,163400.0,102942.0
1999,Сандыктауский,Пшеница,1.6800000000000002,198.0,332.64000000000004
2000,Сандыктауский,Пшеница,0.9199999999999999,208.0,191.35999999999999
2001,Сандыктауский,Пшеница,1.1400000000000001,206.4,235.29600000000002
2002,Сандыктауский,Пшеница,1.06,235.1,249.20600000000002
2003,Сандыктауский,Пшеница,1.1400000000000001,213.6,243.50400000000002
2004,Сандыктауский,Пшеница,0.79,229229.0,181090.91
2005,Сандыктауский,Пшеница,1.1400000000000001,231929.0,264399.06000000006
2006,Сандыктауский,Пшеница,1.31,233570.0,305976.7
2007,Сандыктауский,Пшеница,1.33,243520.6,323882.39800000004
2008,Сандыктауский,Пшеница,1.0,238852.7,238852.7
2009,Сандыктауский,Пшеница,1.33,260362.5,346282.125
2010,Сандыктауский,Пшеница,0.75,278475.0,208856.25
2011,Сандыктауский,Пшеница,1.81,278283.8,503693.678
2012,Сандыктауский,Пшеница,0.9400000000000001,273642.1,257223.574
2013,Сандыктауский,Пшеница,0.95,264797.34,251557.473
2014,Сандыктауский,Пшеница,1.3900000000000001,246140.89,342135.83710000006
2015,Сандыктауский,Пшеница,1.3699999999999999,207002.4,283593.28799999994
2016,Сандыктауский,Пшеница,1.34,228829.7,306631.798
2017,Сандыктауский,Пшеница,1.64,229824.7,376912.508
2018,Сандыктауский,Пшеница,1.49,211126.1,314577.889
2019,Сандыктауский,Пшеница,1.3599999999999999,202472.8,275363.008
2020,Сандыктауский,Пшеница,1.6800000000000002,231211.0,388434.48000000004
2021,Сандыктауский,Пшеница,1.181,260984.88,308223.14328
2022,Сандыктауский,Пшеница,2.04854,258519.2,529586.921968
2023,Сандыктауский,Пшеница,1.23,266752.5,328105.575
2024,Сандыктауский,Пшеница,1.86,246753.99,458962.4214
2025,Сандыктауский,Пшеница,2.37,232465.7,550943.709
1991,Целиноградский,Зерновые и бобовые,0.76,289800.0,220248.0
1992,Целиноградский,Зерновые и бобовые,1.97,282300.0,556131.0
1993,Целиноградский,Зерновые и бобовые,1.28,277800.0,355584.0
1994,Целиноградский,Зерновые и бобовые,0.62,258100.00000000003,160022.00000000003
1995,Целиноградский,Зерновые и бобовые,0.58,182600.0,105907.99999999999
1996,Целиноградский,Зерновые и бобовые,0.99,251700.0,249183.0
1997,Целиноградский,Зерновые и бобовые,0.61,251200.0,153232.0
1998,Целиноградский,Зерновые и бобовые,0.45999999999999996,209900.0,96553.99999999999
1999,Целиноградский,Зерновые и бобовые,1.23,216300.0,266049.0
2000,Целиноградский,Зерновые и бобовые,0.9099999999999999,217647.0,198058.77
2001,Целиноградский,Зерновые и бобовые,1.1400000000000001,239082.0,272553.48000000004
2002,Целиноградский,Зерновые и бобовые,0.9,231996.0,208796.4
2003,Целиноградский,Зерновые и бобовые,0.95,221562.0,210483.9
2004,Целиноградский,Зерновые и бобовые,0.6799999999999999,226115.0,153758.19999999998
2005,Целиноградский,Зерновые и бобовые,0.6900000000000001,228620.0,157747.80000000002
2006,Целиноградский,Зерновые и бобовые,0.71,229826.0,163176.46
2007,Целиноградский,Зерновые и бобовые,0.8400000000000001,234096.8,196641.312
2008,Целиноградский,Зерновые и бобовые,0.6799999999999999,247973.3,168621.84399999998
2009,Целиноградский,Зерновые и бобовые,0.9199999999999999,250543.5,230500.02
2010,Целиноградский,Зерновые и бобовые,0.42000000000000004,238373.5,100116.87000000001
2011,Целиноградский,Зерновые и бобовые,1.0699999999999998,239890.6,256682.94199999998
2012,Целиноградский,Зерновые и бобовые,0.54,230525.6,124483.82400000001
2013,Целиноградский,Зерновые и бобовые,1.15,230651.1,265248.765
2014,Целиноградский,Зерновые и бобовые,0.93,233909.66,217535.98380000002
2015,Целиноградский,Зерновые и бобовые,0.88153,223549.3,197065.414429
2016,Целиноградский,Зерновые и бобовые,1.14208,232266.3,265266.69590399996
2017,Целиноградский,Зерновые и бобовые,0.7384999999999999,226748.8,167453.98879999996
2018,Целиноградский,Зерновые и бобовые,1.27,203955.8,259023.86599999998
2019,Целиноградский,Зерновые и бобовые,0.8099999999999999,220219.9,178378.11899999998
2020,Целиноградский,Зерновые и бобовые,1.3199999999999998,226402.0,298850.63999999996
2021,Целиноградский,Зерновые и бобовые,0.9655400000000001,228625.83,220747.3838982
2022,Целиноградский,Зерновые и бобовые,0.7541599999999999,224724.9,169478.530584
2023,Целиноградский,Зерновые и бобовые,0.51,228083.2,116322.432
2024,Целиноградский,Зерновые и бобовые,1.4,215077.74,301108.83599999995
2025,Целиноградский,Зерновые и бобовые,1.33,212061.0,282041.13
1991,Целиноградский,Пшеница,0.76,227000.0,172520.0
1992,Целиноградский,Пшеница,1.95,218000.0,425100.0
1993,Целиноградский,Пшеница,1.15,198800.0,228619.99999999997
1994,Целиноградский,Пшеница,0.63,193800.0,122094.0
1995,Целиноградский,Пшеница,0.62,193500.0,119970.0
1996,Целиноградский,Пшеница,1.0,211300.0,211300.0
1997,Целиноградский,Пшеница,0.64,222500.0,142400.0
1998,Целиноградский,Пшеница,0.45999999999999996,199700.0,91862.0
1999,Целиноградский,Пшеница,1.21,185.6,224.576
2000,Целиноградский,Пшеница,0.85,191.1,162.435
2001,Целиноградский,Пшеница,1.1,198.9,218.79000000000002
2002,Целиноградский,Пшеница,0.85,205.2,174.42
2003,Целиноградский,Пшеница,0.95,202.5,192.375
2004,Целиноградский,Пшеница,0.6900000000000001,204521.0,141119.49000000002
2005,Целиноградский,Пшеница,0.6900000000000001,209258.0,144388.02000000002
2006,Целиноградский,Пшеница,0.7,210634.0,147443.8
2007,Целиноградский,Пшеница,0.82,207194.8,169899.73599999998
2008,Целиноградский,Пшеница,0.67,222006.7,148744.48900000003
2009,Целиноградский,Пшеница,0.9,227228.5,204505.65
2010,Целиноградский,Пшеница,0.42000000000000004,220294.0,92523.48000000001
2011,Целиноградский,Пшеница,1.04,216722.2,225391.08800000002
2012,Целиноградский,Пшеница,0.54,201148.6,108620.244
2013,Целиноградский,Пшеница,1.1099999999999999,194592.4,215997.56399999995
2014,Целиноградский,Пшеница,0.97,186344.19,180753.8643
2015,Целиноградский,Пшеница,0.9099999999999999,188192.4,171255.08399999997
2016,Целиноградский,Пшеница,1.1099999999999999,206197.4,228879.11399999997
2017,Целиноградский,Пшеница,0.72,185842.0,133806.24
2018,Целиноградский,Пшеница,1.1800000000000002,165765.8,195603.644
2019,Целиноградский,Пшеница,0.8,179520.7,143616.56000000003
2020,Целиноградский,Пшеница,1.29,185727.8,239588.862
2021,Целиноградский,Пшеница,0.96327,187247.43,180369.8318961
2022,Целиноградский,Пшеница,0.71971,175633.8,126405.40219799998
2023,Целиноградский,Пшеница,0.51,184738.0,94216.38
2024,Целиноградский,Пшеница,1.29,165645.44,213682.6176
2025,Целиноградский,Пшеница,1.3800000000000001,161697.6,223142.68800000002
1991,Шортандинский,Зерновые и бобовые,0.72,191600.0,137952.0
1992,Шортандинский,Зерновые и бобовые,2.18,190600.0,415508.00000000006
1993,Шортандинский,Зерновые и бобовые,1.34,184100.0,246694.00000000003
1994,Шортандинский,Зерновые и бобовые,0.97,177900.0,172563.0
1995,Шортандинский,Зерновые и бобовые,0.8400000000000001,244300.0,205212.00000000003
1996,Шортандинский,Зерновые и бобовые,0.75,181500.0,136125.0
1997,Шортандинский,Зерновые и бобовые,0.6599999999999999,181900.0,120053.99999999999
1998,Шортандинский,Зерновые и бобовые,0.42000000000000004,179300.0,75306.0
1999,Шортандинский,Зерновые и бобовые,1.6800000000000002,160261.0,269238.48000000004
2000,Шортандинский,Зерновые и бобовые,1.1,175702.0,193272.2
2001,Шортандинский,Зерновые и бобовые,1.29,180097.0,232325.13
2002,Шортандинский,Зерновые и бобовые,1.1,183183.0,201501.30000000002
2003,Шортандинский,Зерновые и бобовые,1.1300000000000001,178800.0,202044.00000000003
2004,Шортандинский,Зерновые и бобовые,0.8300000000000001,193000.0,160190.0
2005,Шортандинский,Зерновые и бобовые,0.93,185447.0,172465.71000000002
2006,Шортандинский,Зерновые и бобовые,1.04,186850.0,194324.0
2007,Шортандинский,Зерновые и бобовые,0.96,190382.0,182766.72
2008,Шортандинский,Зерновые и бобовые,0.6900000000000001,196240.6,135406.01400000002
2009,Шортандинский,Зерновые и бобовые,1.25,226939.1,283673.875
2010,Шортандинский,Зерновые и бобовые,0.42000000000000004,218089.5,91597.59000000001
2011,Шортандинский,Зерновые и бобовые,1.1800000000000002,205463.3,242446.69400000002
2012,Шортандинский,Зерновые и бобовые,0.58,199787.0,115876.45999999999
2013,Шортандинский,Зерновые и бобовые,1.1099999999999999,197887.6,219655.23599999998
2014,Шортандинский,Зерновые и бобовые,0.95,192054.48,182451.756
2015,Шортандинский,Зерновые и бобовые,1.06687,189969.0,202672.22703
2016,Шортандинский,Зерновые и бобовые,1.30876,199106.0,260581.96855999998
2017,Шортандинский,Зерновые и бобовые,0.9896,203089.0,200976.8744
2018,Шортандинский,Зерновые и бобовые,1.5,203975.0,305962.5
2019,Шортандинский,Зерновые и бобовые,1.0699999999999998,206236.7,220673.26899999997
2020,Шортандинский,Зерновые и бобовые,1.55,199385.7,309047.835
2021,Шортандинский,Зерновые и бобовые,1.19972,204912.44,245837.55251679997
2022,Шортандинский,Зерновые и бобовые,1.22959,212946.1,261836.395099
2023,Шортандинский,Зерновые и бобовые,0.64,223597.4,143102.336
2024,Шортандинский,Зерновые и бобовые,1.54,213746.27,329169.2558
2025,Шортандинский,Зерновые и бобовые,1.64,199450.79,327099.2956
1991,Шортандинский,Пшеница,0.6900000000000001,132000.0,91080.00000000001
1992,Шортандинский,Пшеница,2.2,132300.0,291060.0
1993,Шортандинский,Пшеница,0.9800000000000001,118600.0,116228.00000000001
1994,Шортандинский,Пшеница,0.8400000000000001,121600.0,102144.00000000001
1995,Шортандинский,Пшеница,0.85,141200.0,120020.0
1996,Шортандинский,Пшеница,0.74,147200.0,108928.0
1997,Шортандинский,Пшеница,0.7,150500.0,105350.0
1998,Шортандинский,Пшеница,0.41,153300.0,62852.99999999999
2000,Шортандинский,Пшеница,1.04,151.0,157.04
2001,Шортандинский,Пшеница,1.25,151.5,189.375
2002,Шортандинский,Пшеница,1.0699999999999998,158.0,169.05999999999997
2003,Шортандинский,Пшеница,1.1400000000000001,157.5,179.55
2004,Шортандинский,Пшеница,0.85,166254.0,141315.9
2005,Шортандинский,Пшеница,0.9099999999999999,169705.0,154431.55
2006,Шортандинский,Пшеница,1.04,169231.0,176000.24000000002
2007,Шортандинский,Пшеница,0.93,170344.0,158419.92
2008,Шортандинский,Пшеница,0.6799999999999999,174433.6,118614.848
2009,Шортандинский,Пшеница,1.19,202992.6,241561.194
2010,Шортандинский,Пшеница,0.42000000000000004,207030.6,86952.85200000001
2011,Шортандинский,Пшеница,1.15,192956.0,221899.4
2012,Шортандинский,Пшеница,0.5599999999999999,180311.0,100974.15999999999
2013,Шортандинский,Пшеница,1.02,175461.6,178970.832
2014,Шортандинский,Пшеница,0.89,163392.26,145419.11140000002
2015,Шортандинский,Пшеница,1.09,156792.0,170903.28
2016,Шортандинский,Пшеница,1.23,168742.0,207552.66
2017,Шортандинский,Пшеница,0.96,165259.0,158648.63999999998
2018,Шортандинский,Пшеница,1.4300000000000002,154707.0,221231.01000000004
2019,Шортандинский,Пшеница,1.02,156344.4,159471.288
2020,Шортандинский,Пшеница,1.49,169618.0,252730.82
2021,Шортандинский,Пшеница,1.1853799999999999,180878.14,214409.3295932
2022,Шортандинский,Пшеница,1.21711,184928.0,225077.71808
2023,Шортандинский,Пшеница,0.65,186153.9,121000.035
2024,Шортандинский,Пшеница,1.49,185861.15,276933.1135
2025,Шортандинский,Пшеница,1.67,162210.5,270891.535
